Model,Avg Toxicity,Avg Helpfulness,Avg Harmlessness,High Toxicity %,Toxicity Δ,Helpfulness Δ,Harmlessness Δ
Baseline,0.048643985280650615,2.41,4.35,3.0,0.0,0.0,0.0
QLoRA,0.027097027761046725,2.6,4.45,1.0,-0.02154695751960389,0.18999999999999995,0.10000000000000053
DPO,0.03361549947469025,2.15,4.31,2.0,-0.015028485805960362,-0.26000000000000023,-0.040000000000000036
